id,first_name,last_name,email,gender,ip_address
1,Nataniel,Willwood,nwillwood0@paypal.com,Male,144.106.252.180
2,Jeffie,McIlherran,jmcilherran1@usnews.com,Male,123.80.149.20
3,Nikolaos,Walthew,nwalthew2@infoseek.co.jp,Male,7.8.163.61
4,Adaline,Lantiffe,alantiffe3@a8.net,Female,61.38.45.96
5,Fannie,Liebermann,fliebermann4@hugedomains.com,Female,250.119.142.206
6,Malynda,Constantine,mconstantine5@businessinsider.com,Female,253.81.178.233
7,Peg,Phipp,pphipp6@webs.com,Female,199.195.166.6
8,Tybie,Prium,tprium7@yolasite.com,Female,161.166.207.123
9,Frazier,Stilliard,fstilliard8@bing.com,Male,2.77.222.254
10,Jeannie,Trobey,jtrobey9@phoca.cz,Female,219.60.124.176
11,Hyacinthe,Asple,hasplea@guardian.co.uk,Female,16.226.237.104
12,Jany,Meggison,jmeggisonb@gov.uk,Female,148.255.10.144
13,Jess,Ulster,julsterc@hao123.com,Male,239.219.236.65
14,Chandler,Frisby,cfrisbyd@census.gov,Male,209.234.36.33
15,Maribelle,Kasher,mkashere@tamu.edu,Female,106.247.118.196
16,Valentia,Alman,valmanf@opensource.org,Female,243.164.15.16
17,Obed,Dulake,odulakeg@cloudflare.com,Male,133.242.98.165
18,Kerwinn,Clewlowe,kclewloweh@tmall.com,Male,56.116.130.162
19,Margeaux,Neachell,mneachelli@psu.edu,Female,76.231.86.161
20,Lissa,Gummer,lgummerj@bing.com,Female,251.3.203.139
21,John,Faithfull,jfaithfullk@phpbb.com,Male,28.52.75.109
22,Billie,Sedger,bsedgerl@pcworld.com,Male,103.41.160.139
23,Bibbie,Gorbell,bgorbellm@technorati.com,Female,212.73.3.99
24,Randolf,Reville,rrevillen@mysql.com,Male,22.250.0.69
25,Torrence,Moreland,tmorelando@xinhuanet.com,Male,74.129.243.11
26,Lilia,Grinvalds,lgrinvaldsp@addthis.com,Female,21.153.84.189
27,Aland,Benedict,abenedictq@ft.com,Male,162.153.167.105
28,Yuri,Danbye,ydanbyer@etsy.com,Male,67.205.27.251
29,Karna,Alcido,kalcidos@illinois.edu,Female,196.139.202.68
30,Idaline,Wickmann,iwickmannt@ucoz.ru,Female,251.113.248.255
31,Randall,Hinckley,rhinckleyu@google.com,Male,206.148.68.125
32,Cordie,Ogan,coganv@whitehouse.gov,Male,95.195.4.180
33,Ciel,Rambaut,crambautw@ycombinator.com,Female,202.113.74.211
34,Marge,FitzGibbon,mfitzgibbonx@google.com.br,Female,35.139.148.167
35,Isobel,Peeters,ipeetersy@surveymonkey.com,Female,236.250.60.75
36,Jillane,Comben,jcombenz@google.ca,Female,178.113.4.58
37,Urson,Pitrollo,upitrollo10@google.fr,Male,131.213.97.106
38,Corabelle,Linster,clinster11@soundcloud.com,Female,39.109.200.85
39,Sheri,Eaglesham,seaglesham12@woothemes.com,Female,74.36.84.124
40,Loree,Paddeley,lpaddeley13@who.int,Female,164.107.161.102
41,Hilliary,Normanville,hnormanville14@lulu.com,Female,46.157.23.75
42,Hestia,Orbell,horbell15@parallels.com,Female,203.188.59.145
43,Valina,Carrett,vcarrett16@harvard.edu,Female,246.25.127.58
44,Berget,Langforth,blangforth17@bbc.co.uk,Female,130.65.152.104
45,Marie-ann,Attersoll,mattersoll18@nsw.gov.au,Female,111.77.74.166
46,Rainer,McLagain,rmclagain19@yahoo.co.jp,Male,191.70.228.0
47,Dedra,Haswall,dhaswall1a@paypal.com,Female,17.141.212.101
48,Ferdy,Ewbanck,fewbanck1b@mapquest.com,Male,47.237.105.111
49,Andeee,Titcumb,atitcumb1c@berkeley.edu,Female,67.217.246.199
50,Kayne,Goldson,kgoldson1d@spiegel.de,Male,215.218.202.118
51,Leanor,Lipgens,llipgens1e@mayoclinic.com,Female,217.166.147.162
52,Lizzie,Alliot,lalliot1f@smh.com.au,Female,209.50.68.184
53,Shirlene,Turbitt,sturbitt1g@shareasale.com,Female,122.145.1.145
54,Donica,Serfati,dserfati1h@people.com.cn,Female,38.46.95.232
55,Vincents,Pickance,vpickance1i@sciencedaily.com,Male,12.111.87.127
56,Sherwynd,Carrivick,scarrivick1j@technorati.com,Male,218.36.19.83
57,Knox,Nash,knash1k@mediafire.com,Male,163.246.193.153
58,Josie,De Hooch,jdehooch1l@disqus.com,Female,152.21.81.155
59,Alonzo,Graveney,agraveney1m@hugedomains.com,Male,216.198.51.33
60,Delcina,De Minico,ddeminico1n@bigcartel.com,Female,41.1.72.185
61,Weidar,Yeo,wyeo1o@google.co.uk,Male,19.242.89.186
62,Doro,McIlriach,dmcilriach1p@tamu.edu,Female,9.157.16.15
63,Frederic,Cicccitti,fcicccitti1q@vkontakte.ru,Male,166.166.97.111
64,Jourdain,Huard,jhuard1r@mayoclinic.com,Male,251.77.112.206
65,Milly,Dymock,mdymock1s@sbwire.com,Female,4.62.101.227
66,Denna,Eilhermann,deilhermann1t@wikispaces.com,Female,213.14.249.117
67,Freida,Burth,fburth1u@japanpost.jp,Female,218.35.109.15
68,Raddy,Lankester,rlankester1v@mozilla.org,Male,136.177.188.162
69,Rosa,Klasen,rklasen1w@tamu.edu,Female,4.46.130.192
70,Derrick,Felstead,dfelstead1x@tripadvisor.com,Male,81.167.221.47
71,Faydra,Prazor,fprazor1y@a8.net,Female,94.216.83.164
72,Doll,Gillott,dgillott1z@zdnet.com,Female,51.215.129.132
73,Karrie,Hellier,khellier20@army.mil,Female,24.29.98.124
74,Suzanna,Sanchis,ssanchis21@arstechnica.com,Female,195.140.52.203
75,Saunder,Westmarland,swestmarland22@yelp.com,Male,11.96.161.239
76,Sandy,Ratledge,sratledge23@naver.com,Female,228.214.250.194
77,Fancie,Gallemore,fgallemore24@nih.gov,Female,92.131.176.248
78,Jeromy,Castells,jcastells25@patch.com,Male,247.237.166.209
79,Corie,Insoll,cinsoll26@ftc.gov,Female,93.195.110.57
80,Kalie,Janous,kjanous27@salon.com,Female,69.50.93.29
81,Anatole,Noke,anoke28@stanford.edu,Male,38.226.137.116
82,Oralia,Spurden,ospurden29@cmu.edu,Female,86.19.1.166
83,Yuma,Brithman,ybrithman2a@stanford.edu,Male,89.107.116.81
84,Noemi,Cantua,ncantua2b@amazonaws.com,Female,199.94.170.118
85,Minetta,Pallis,mpallis2c@indiegogo.com,Female,243.194.156.203
86,Archer,Forrestor,aforrestor2d@europa.eu,Male,115.137.86.53
87,Zara,Mitchelhill,zmitchelhill2e@tamu.edu,Female,23.222.96.222
88,Moss,Ilyasov,milyasov2f@sciencedaily.com,Male,0.122.27.165
89,Bridgette,Shoobridge,bshoobridge2g@ow.ly,Female,3.88.204.140
90,Bobine,Jurzyk,bjurzyk2h@techcrunch.com,Female,10.172.2.133
91,Tilly,Birtwell,tbirtwell2i@sphinn.com,Female,83.220.98.64
92,Tibold,Melarkey,tmelarkey2j@mail.ru,Male,202.172.77.163
93,Lyndsie,Crop,lcrop2k@cargocollective.com,Female,124.201.158.230
94,Bernie,Junes,bjunes2l@ameblo.jp,Female,38.216.25.83
95,Albina,Light,alight2m@vinaora.com,Female,192.106.114.92
96,Gavin,Tapenden,gtapenden2n@clickbank.net,Male,146.182.171.120
97,Leilah,Blunkett,lblunkett2o@jalbum.net,Female,81.173.107.79
98,Anders,Bouskill,abouskill2p@paypal.com,Male,115.59.146.119
99,Berk,Scartifield,bscartifield2q@zimbio.com,Male,167.123.144.90
100,Tiebold,Gurling,tgurling2r@irs.gov,Male,209.30.148.44
101,Elie,Sturge,esturge2s@blinklist.com,Female,198.157.141.213
102,Evaleen,Gammet,egammet2t@java.com,Female,123.165.30.168
103,Amanda,Cobello,acobello2u@mysql.com,Female,140.122.165.227
104,Boyd,Allkins,ballkins2v@phpbb.com,Male,48.161.68.125
105,Rocky,Stratz,rstratz2w@washington.edu,Male,27.36.107.8
106,Kylila,Casolla,kcasolla2x@usnews.com,Female,134.172.78.29
107,Ina,Lefort,ilefort2y@hatena.ne.jp,Female,40.27.94.46
108,Karlotte,MacPaik,kmacpaik2z@irs.gov,Female,152.111.37.146
109,Ali,Gymlett,agymlett30@dailymotion.com,Female,154.59.93.58
110,Axel,Turmell,aturmell31@cloudflare.com,Male,134.33.75.143
111,Chrissy,Skain,cskain32@jalbum.net,Male,40.67.39.10
112,Maryanna,Koomar,mkoomar33@moonfruit.com,Female,39.191.134.77
113,Terri-jo,Wittier,twittier34@guardian.co.uk,Female,122.157.72.76
114,Nerte,Tidball,ntidball35@is.gd,Female,242.163.170.42
115,Neddie,Ranner,nranner36@fastcompany.com,Male,47.114.71.246
116,Willa,Railton,wrailton37@miitbeian.gov.cn,Female,30.253.18.91
117,Hilton,Mahaddie,hmahaddie38@kickstarter.com,Male,198.239.236.170
118,Elvis,MacKessock,emackessock39@patch.com,Male,252.5.53.243
119,Crin,Saylor,csaylor3a@cdbaby.com,Female,127.115.171.126
120,Corbin,Hast,chast3b@youtu.be,Male,87.230.17.193
121,Adrien,Graffham,agraffham3c@cloudflare.com,Male,113.160.148.4
122,Britt,Benito,bbenito3d@discuz.net,Female,101.174.120.203
123,Burton,Dolman,bdolman3e@themeforest.net,Male,152.56.49.114
124,Akim,Crauford,acrauford3f@photobucket.com,Male,162.104.184.84
125,Marv,Michelle,mmichelle3g@liveinternet.ru,Male,251.75.143.35
126,Hube,McDowall,hmcdowall3h@mediafire.com,Male,110.40.226.204
127,Billie,Grandham,bgrandham3i@naver.com,Male,5.115.91.22
128,Christy,Berkery,cberkery3j@oracle.com,Male,83.60.34.35
129,Trip,Algate,talgate3k@hugedomains.com,Male,204.59.228.125
130,Torre,Peddel,tpeddel3l@wikispaces.com,Male,95.6.40.28
131,Georgeanna,Halfhead,ghalfhead3m@miibeian.gov.cn,Female,164.138.156.215
132,Amalle,Van den Oord,avandenoord3n@soundcloud.com,Female,93.199.130.149
133,Ferrel,Demanche,fdemanche3o@gov.uk,Male,98.242.52.166
134,Gerek,Martindale,gmartindale3p@unc.edu,Male,37.104.116.167
135,Nicolis,McKinney,nmckinney3q@unblog.fr,Male,157.246.133.122
136,Abigale,Antoniottii,aantoniottii3r@icio.us,Female,233.81.200.110
137,Jason,Yockley,jyockley3s@wunderground.com,Male,8.227.71.80
138,Elfie,Blakiston,eblakiston3t@tamu.edu,Female,94.138.52.131
139,Burton,Poulsum,bpoulsum3u@tripod.com,Male,108.136.66.202
140,Eli,Lathee,elathee3v@nps.gov,Male,91.71.53.250
141,Marten,Samples,msamples3w@cyberchimps.com,Male,116.245.33.228
142,Rayshell,Tireman,rtireman3x@nhs.uk,Female,170.180.173.8
143,Amabelle,Huxtable,ahuxtable3y@theguardian.com,Female,55.46.49.75
144,Rennie,Growden,rgrowden3z@rakuten.co.jp,Female,29.204.131.247
145,Harald,Klasing,hklasing40@gravatar.com,Male,240.253.90.185
146,Rollie,Whales,rwhales41@wired.com,Male,239.178.255.143
147,Mathilde,Danigel,mdanigel42@state.gov,Female,2.208.242.95
148,Paige,Jacobsohn,pjacobsohn43@pinterest.com,Male,214.17.217.31
149,Dougy,Carradice,dcarradice44@phoca.cz,Male,65.222.250.229
150,Cinnamon,Sorrell,csorrell45@hatena.ne.jp,Female,70.182.212.224
151,Almeta,Rosier,arosier46@nyu.edu,Female,107.116.218.103
152,Rosalie,Mandrake,rmandrake47@networkadvertising.org,Female,158.54.98.164
153,Anabella,Ritchley,aritchley48@tripod.com,Female,23.22.198.236
154,Kasey,Kerr,kkerr49@yelp.com,Female,238.206.213.228
155,Judy,Philpin,jphilpin4a@hostgator.com,Female,197.54.47.69
156,Billi,Foyle,bfoyle4b@delicious.com,Female,37.80.69.91
157,Walsh,Gebbe,wgebbe4c@squarespace.com,Male,163.27.1.118
158,Kara-lynn,Filewood,kfilewood4d@twitter.com,Female,143.36.250.47
159,Rogers,Fulger,rfulger4e@unblog.fr,Male,78.154.254.52
160,Konstantine,Collabine,kcollabine4f@senate.gov,Male,229.97.180.101
161,Megan,Whitwam,mwhitwam4g@sitemeter.com,Female,227.183.178.14
162,Hans,Noice,hnoice4h@alexa.com,Male,0.124.114.172
163,Denny,Lissenden,dlissenden4i@home.pl,Female,75.174.44.147
164,Kiri,Batten,kbatten4j@t.co,Female,55.247.104.108
165,Lynnelle,Zielinski,lzielinski4k@dropbox.com,Female,206.110.210.12
166,Ninette,Lukacs,nlukacs4l@meetup.com,Female,141.248.214.36
167,Julia,Loker,jloker4m@bizjournals.com,Female,227.142.156.56
168,Amil,Bakes,abakes4n@example.com,Female,104.126.45.208
169,Kathe,Huckleby,khuckleby4o@ehow.com,Female,179.29.122.145
170,Cissiee,Latliff,clatliff4p@msn.com,Female,133.61.235.16
171,Kaspar,Dearle-Palser,kdearlepalser4q@blogspot.com,Male,159.173.10.208
172,Stesha,Bend,sbend4r@domainmarket.com,Female,212.128.243.165
173,Orlando,Branton,obranton4s@hibu.com,Male,191.134.209.9
174,Lorain,Flory,lflory4t@adobe.com,Female,10.8.121.47
175,Parker,Wisker,pwisker4u@storify.com,Male,63.145.60.255
176,Odetta,MacAllaster,omacallaster4v@google.co.uk,Female,39.96.81.206
177,Sammy,MacPaike,smacpaike4w@jugem.jp,Male,161.118.105.248
178,Baxie,O'Hannigan,bohannigan4x@hugedomains.com,Male,205.15.45.218
179,Francis,McGaughie,fmcgaughie4y@cyberchimps.com,Male,192.254.79.169
180,Norina,Adnams,nadnams4z@flickr.com,Female,198.100.44.68
181,Towny,Camilleri,tcamilleri50@booking.com,Male,173.41.189.243
182,Ainsley,Critten,acritten51@businesswire.com,Female,49.240.195.88
183,Shani,Flescher,sflescher52@list-manage.com,Female,133.20.4.104
184,Stanwood,Pearde,spearde53@abc.net.au,Male,0.0.159.3
185,Steffie,Akrigg,sakrigg54@flickr.com,Female,246.222.92.201
186,Bree,Hicklingbottom,bhicklingbottom55@flavors.me,Female,158.248.153.70
187,Clifford,Garrard,cgarrard56@delicious.com,Male,204.112.49.123
188,Prent,Penberthy,ppenberthy57@wisc.edu,Male,186.112.86.104
189,Geoff,McFaell,gmcfaell58@nhs.uk,Male,21.82.173.236
190,Carlee,Fallowfield,cfallowfield59@slate.com,Female,64.101.15.40
191,Horacio,Studman,hstudman5a@gmpg.org,Male,95.84.52.188
192,Arthur,Moorman,amoorman5b@furl.net,Male,21.231.254.235
193,Korney,Andrick,kandrick5c@newsvine.com,Female,127.173.81.246
194,Emmet,Bertenshaw,ebertenshaw5d@blinklist.com,Male,110.142.205.3
195,Harwell,Gwin,hgwin5e@tamu.edu,Male,250.174.145.123
196,Gunner,Wickerson,gwickerson5f@a8.net,Male,112.231.44.87
197,Cesaro,Dallaghan,cdallaghan5g@cafepress.com,Male,171.41.145.249
198,Olin,McKennan,omckennan5h@flickr.com,Male,102.18.211.133
199,Baldwin,Wingrove,bwingrove5i@photobucket.com,Male,156.5.81.130
200,Felicle,Zealander,fzealander5j@forbes.com,Female,122.26.210.145
201,Dell,Ranklin,dranklin5k@histats.com,Female,91.76.49.1
202,Myrilla,Cumber,mcumber5l@cmu.edu,Female,184.226.226.159
203,Micki,Soan,msoan5m@printfriendly.com,Female,166.252.57.46
204,Baillie,Erie,berie5n@ehow.com,Male,167.82.108.241
205,Belia,Ruzic,bruzic5o@theglobeandmail.com,Female,169.61.129.94
206,Cherry,Canning,ccanning5p@ehow.com,Female,162.13.72.177
207,Franz,Raycroft,fraycroft5q@blogspot.com,Male,30.88.253.97
208,Filip,Fitkin,ffitkin5r@gmpg.org,Male,12.79.96.120
209,Kellyann,McVittie,kmcvittie5s@army.mil,Female,180.119.163.161
210,Aluino,Arlott,aarlott5t@npr.org,Male,194.239.27.100
211,Carlota,Duddin,cduddin5u@netscape.com,Female,227.153.116.129
212,Ulrica,Evett,uevett5v@china.com.cn,Female,193.217.204.112
213,Bartholemy,Beau,bbeau5w@bloomberg.com,Male,22.8.126.184
214,Pate,Goreway,pgoreway5x@google.cn,Male,204.167.19.44
215,Reggis,Edgeson,redgeson5y@artisteer.com,Male,77.54.159.89
216,Carolee,Perford,cperford5z@mashable.com,Female,196.113.129.31
217,Batholomew,Reisenstein,breisenstein60@admin.ch,Male,168.42.250.112
218,Erda,Hadny,ehadny61@last.fm,Female,108.219.87.31
219,Meade,Devereu,mdevereu62@cnbc.com,Female,61.141.166.191
220,Scarface,Tweede,stweede63@dailymail.co.uk,Male,166.73.135.21
221,Candy,Devenish,cdevenish64@wikia.com,Female,206.72.71.143
222,Victoir,MacCartney,vmaccartney65@comsenz.com,Male,154.78.144.190
223,Abbe,Giraudeau,agiraudeau66@google.com.hk,Male,80.176.17.101
224,Karolina,Skewis,kskewis67@statcounter.com,Female,57.177.4.246
225,Garrett,Lemmer,glemmer68@cnn.com,Male,84.162.150.161
226,Jammie,Seer,jseer69@msu.edu,Female,120.177.120.224
227,Dene,Tapley,dtapley6a@rediff.com,Male,20.213.126.24
228,Otes,Hallsworth,ohallsworth6b@istockphoto.com,Male,123.225.99.225
229,Ripley,Littrell,rlittrell6c@histats.com,Male,147.46.0.148
230,Jareb,Drugan,jdrugan6d@hostgator.com,Male,236.119.205.66
231,Haily,Andrys,handrys6e@wunderground.com,Female,116.15.107.8
232,Carce,Lupson,clupson6f@blinklist.com,Male,134.161.35.62
233,Tobe,Cleef,tcleef6g@amazon.co.jp,Male,50.227.163.255
234,Nicholas,Plumbridge,nplumbridge6h@cloudflare.com,Male,25.24.248.103
235,Rockie,Tyce,rtyce6i@youtube.com,Male,168.24.135.108
236,Roderich,Neligan,rneligan6j@toplist.cz,Male,180.243.154.103
237,Rica,Piel,rpiel6k@hostgator.com,Female,48.96.20.39
238,Merralee,Poundsford,mpoundsford6l@blog.com,Female,153.67.49.96
239,Symon,Rignoldes,srignoldes6m@cnn.com,Male,154.161.117.88
240,Rene,Sabbatier,rsabbatier6n@dropbox.com,Female,6.94.95.235
241,Fabio,Glyn,fglyn6o@cnbc.com,Male,123.144.97.177
242,Joye,Tansly,jtansly6p@yahoo.com,Female,75.157.157.219
243,Morrie,Garcia,mgarcia6q@nature.com,Male,93.109.207.32
244,Neilla,Caban,ncaban6r@fda.gov,Female,28.8.4.88
245,Lulu,Andrag,landrag6s@nhs.uk,Female,169.140.164.119
246,Alexia,Janak,ajanak6t@epa.gov,Female,54.121.158.134
247,Evangelin,Kite,ekite6u@sina.com.cn,Female,225.208.255.22
248,Milli,Martignon,mmartignon6v@cloudflare.com,Female,75.129.154.122
249,Keir,Colchett,kcolchett6w@newsvine.com,Male,248.40.255.86
250,Beitris,Diego,bdiego6x@squidoo.com,Female,183.41.13.133
251,Shaylynn,Natwick,snatwick6y@harvard.edu,Female,47.184.148.103
252,Xenos,Elverston,xelverston6z@yahoo.co.jp,Male,165.123.152.254
253,Larina,Bilton,lbilton70@eepurl.com,Female,62.85.121.245
254,Birch,Chatten,bchatten71@hibu.com,Male,41.239.118.154
255,Ferd,Ahren,fahren72@wp.com,Male,242.241.220.206
256,Kary,Worshall,kworshall73@narod.ru,Female,115.227.235.70
257,Kiley,Verdy,kverdy74@webmd.com,Female,139.63.203.88
258,Rafaellle,Padfield,rpadfield75@disqus.com,Male,126.191.35.110
259,Dannel,Pellingar,dpellingar76@squidoo.com,Male,67.180.90.225
260,Giles,Bettleson,gbettleson77@wired.com,Male,194.199.135.77
261,Mahmoud,Artis,martis78@cnn.com,Male,12.187.87.179
262,Clayborn,Vignal,cvignal79@nymag.com,Male,215.208.91.186
263,Domenico,Babst,dbabst7a@vinaora.com,Male,107.186.27.239
264,Teddi,Peatman,tpeatman7b@nymag.com,Female,75.92.47.237
265,Kessia,Stefi,kstefi7c@hhs.gov,Female,240.194.225.45
266,Jules,Krysztofiak,jkrysztofiak7d@netvibes.com,Male,38.92.151.6
267,Nana,Brisset,nbrisset7e@forbes.com,Female,218.86.95.241
268,Riobard,Harriss,rharriss7f@bloglovin.com,Male,135.249.34.112
269,Bernardo,Steere,bsteere7g@a8.net,Male,6.168.45.13
270,Zacherie,Alishoner,zalishoner7h@blinklist.com,Male,224.238.251.175
271,Tremaine,O'Day,today7i@ow.ly,Male,89.63.210.27
272,Josey,Bellwood,jbellwood7j@g.co,Female,204.112.188.181
273,Hamlin,Henricsson,hhenricsson7k@squidoo.com,Male,117.36.230.176
274,Deni,Brabyn,dbrabyn7l@comsenz.com,Female,30.200.188.93
275,Evanne,Simukov,esimukov7m@pinterest.com,Female,171.185.54.132
276,Robby,Brent,rbrent7n@spotify.com,Male,18.201.222.159
277,Leese,Bewshaw,lbewshaw7o@wordpress.com,Female,180.221.103.232
278,Stella,Thames,sthames7p@chicagotribune.com,Female,99.182.74.48
279,Grethel,Liepmann,gliepmann7q@indiatimes.com,Female,40.14.45.161
280,Fionnula,Sear,fsear7r@odnoklassniki.ru,Female,156.243.100.204
281,Tiebout,Shitliffe,tshitliffe7s@wikipedia.org,Male,42.3.8.15
282,Jorry,McBrearty,jmcbrearty7t@kickstarter.com,Female,104.217.97.27
283,Car,Iacomo,ciacomo7u@rambler.ru,Male,108.24.150.183
284,Arlena,Muat,amuat7v@bbb.org,Female,225.152.88.11
285,Drusi,Bonnaire,dbonnaire7w@nationalgeographic.com,Female,164.8.88.223
286,Michel,Hollingby,mhollingby7x@sina.com.cn,Male,105.112.217.155
287,Kissiah,Gooders,kgooders7y@stanford.edu,Female,35.132.249.44
288,Augustine,Eliasson,aeliasson7z@epa.gov,Male,25.184.58.5
289,Bell,Taunton,btaunton80@wp.com,Female,194.111.144.152
290,Falkner,Tonsley,ftonsley81@boston.com,Male,150.56.75.46
291,Milton,Postans,mpostans82@columbia.edu,Male,199.113.55.150
292,Eirena,Cocci,ecocci83@smugmug.com,Female,34.78.218.96
293,Carole,Malatalant,cmalatalant84@hatena.ne.jp,Female,232.140.249.22
294,Aryn,Gilhouley,agilhouley85@ycombinator.com,Female,168.159.230.42
295,Hale,Braunle,hbraunle86@bandcamp.com,Male,207.130.252.173
296,Britt,Conneely,bconneely87@wsj.com,Female,91.229.68.69
297,Layton,Burwood,lburwood88@usa.gov,Male,223.70.55.252
298,Granger,Halson,ghalson89@hc360.com,Male,108.91.118.7
299,Goran,Rosborough,grosborough8a@usda.gov,Male,31.125.217.215
300,Ashton,Dankov,adankov8b@sourceforge.net,Male,120.20.247.194
301,Almire,Haig,ahaig8c@spiegel.de,Female,2.213.246.74
302,Pammy,Darkins,pdarkins8d@zimbio.com,Female,7.225.197.177
303,Conroy,Graine,cgraine8e@diigo.com,Male,27.244.61.229
304,Ailyn,Charer,acharer8f@europa.eu,Female,189.68.112.7
305,Kipper,Karpushkin,kkarpushkin8g@blogspot.com,Male,68.145.71.109
306,Elliot,Puddicombe,epuddicombe8h@mashable.com,Male,248.166.38.152
307,Phip,Thaw,pthaw8i@redcross.org,Male,82.227.33.219
308,Paxton,Pellitt,ppellitt8j@patch.com,Male,156.48.228.83
309,Zita,Gillyatt,zgillyatt8k@cornell.edu,Female,208.217.211.84
310,Skipper,Buckell,sbuckell8l@networksolutions.com,Male,2.57.193.125
311,Tarrance,Humbell,thumbell8m@meetup.com,Male,226.191.207.6
312,Waldon,Gyer,wgyer8n@patch.com,Male,43.195.248.144
313,Marcella,Razzell,mrazzell8o@sourceforge.net,Female,58.210.33.241
314,Kain,Brideau,kbrideau8p@japanpost.jp,Male,187.89.152.99
315,Cornie,Kirckman,ckirckman8q@pcworld.com,Female,121.54.59.241
316,Raynard,Crowley,rcrowley8r@tamu.edu,Male,52.50.144.254
317,Rinaldo,deKnevet,rdeknevet8s@addthis.com,Male,126.135.187.167
318,Riobard,Morgen,rmorgen8t@google.co.jp,Male,226.225.127.118
319,Russell,Croucher,rcroucher8u@patch.com,Male,70.134.132.253
320,Emma,Sercombe,esercombe8v@ocn.ne.jp,Female,104.229.49.235
321,Katherina,Holberry,kholberry8w@imdb.com,Female,177.108.144.40
322,Lesly,Bahia,lbahia8x@mac.com,Female,154.245.17.250
323,Brigitte,Maddick,bmaddick8y@disqus.com,Female,106.142.170.213
324,Sonni,Bristo,sbristo8z@harvard.edu,Female,10.214.207.170
325,James,Rumbold,jrumbold90@etsy.com,Male,197.86.38.172
326,Belle,Manthroppe,bmanthroppe91@sciencedaily.com,Female,55.202.34.241
327,Baldwin,McCrae,bmccrae92@blogs.com,Male,188.233.141.18
328,Dayle,Bandy,dbandy93@domainmarket.com,Female,139.105.120.229
329,Curr,Kobu,ckobu94@multiply.com,Male,186.222.35.81
330,Jenda,Penwright,jpenwright95@sciencedaily.com,Female,9.129.48.189
331,Dorian,Edmondson,dedmondson96@elegantthemes.com,Male,155.145.133.22
332,Hinze,Fridd,hfridd97@wufoo.com,Male,4.29.8.236
333,Marna,Fearneley,mfearneley98@goodreads.com,Female,108.127.211.6
334,Natty,Sweating,nsweating99@independent.co.uk,Male,17.52.196.244
335,Dorene,Lightewood,dlightewood9a@ycombinator.com,Female,72.108.138.121
336,Vincenty,Canning,vcanning9b@hostgator.com,Male,98.65.36.171
337,Valle,Almond,valmond9c@opera.com,Male,173.118.181.12
338,Tawsha,Keegan,tkeegan9d@ihg.com,Female,48.106.245.143
339,Griff,Crickmoor,gcrickmoor9e@bbc.co.uk,Male,238.94.237.194
340,Andrej,Stening,astening9f@goodreads.com,Male,164.76.142.88
341,Kailey,Wingeatt,kwingeatt9g@aboutads.info,Female,221.108.202.181
342,Quillan,Chin,qchin9h@mashable.com,Male,36.52.69.139
343,Melodee,Punt,mpunt9i@newyorker.com,Female,100.80.0.183
344,Elihu,Tellenbrook,etellenbrook9j@imgur.com,Male,224.28.231.106
345,Neale,Rosenblatt,nrosenblatt9k@hao123.com,Male,2.21.231.195
346,Paxton,Evens,pevens9l@marketwatch.com,Male,201.13.251.181
347,Catriona,Gatecliffe,cgatecliffe9m@hao123.com,Female,235.237.124.192
348,Haleigh,Kaes,hkaes9n@geocities.jp,Female,13.226.34.190
349,Lucais,Iley,liley9o@meetup.com,Male,7.104.209.211
350,Der,Penrice,dpenrice9p@smugmug.com,Male,23.101.20.213
351,Winni,Limb,wlimb9q@prlog.org,Female,126.192.5.165
352,Ulberto,Wyke,uwyke9r@pbs.org,Male,45.83.52.242
353,Tine,Brokenbrow,tbrokenbrow9s@ow.ly,Female,100.74.130.138
354,Curcio,Pourveer,cpourveer9t@goodreads.com,Male,130.166.7.103
355,Florina,Headrick,fheadrick9u@over-blog.com,Female,27.58.70.150
356,Saunders,Louisot,slouisot9v@angelfire.com,Male,2.210.118.131
357,Morissa,Eglaise,meglaise9w@omniture.com,Female,150.156.47.66
358,Kailey,Heningham,kheningham9x@dailymail.co.uk,Female,86.5.229.52
359,Shina,Garmans,sgarmans9y@paypal.com,Female,204.181.44.56
360,Imogene,Newburn,inewburn9z@geocities.com,Female,106.30.199.125
361,Davita,Dwelling,ddwellinga0@vistaprint.com,Female,11.68.173.172
362,Atalanta,Kennedy,akennedya1@eepurl.com,Female,124.101.102.172
363,Keeley,Rolph,krolpha2@icio.us,Female,208.206.24.202
364,Felipa,Clancy,fclancya3@wufoo.com,Female,221.7.45.46
365,Carce,Martt,cmartta4@amazon.co.jp,Male,76.8.238.112
366,Albertina,Robathon,arobathona5@oakley.com,Female,255.25.204.90
367,Nicolette,Tuer,ntuera6@utexas.edu,Female,117.184.243.222
368,Tiffie,Gowland,tgowlanda7@whitehouse.gov,Female,223.99.244.173
369,Arda,Foot,afoota8@businesswire.com,Female,176.175.26.36
370,Wilfrid,Leonida,wleonidaa9@google.pl,Male,35.179.232.76
371,Arthur,Luckey,aluckeyaa@sogou.com,Male,26.174.21.195
372,Eben,Denk,edenkab@mit.edu,Male,153.2.159.146
373,Peirce,Ong,pongac@psu.edu,Male,96.233.147.234
374,Vasily,Kiffin,vkiffinad@sfgate.com,Male,139.86.170.122
375,Christa,Pennycock,cpennycockae@china.com.cn,Female,223.8.51.163
376,Elizabet,Crossman,ecrossmanaf@barnesandnoble.com,Female,224.50.1.56
377,Feliks,Dumphrey,fdumphreyag@telegraph.co.uk,Male,169.241.123.245
378,Arturo,Gritsaev,agritsaevah@bing.com,Male,239.27.107.23
379,Daron,Sein,dseinai@behance.net,Male,56.88.169.74
380,Cayla,Piens,cpiensaj@forbes.com,Female,78.182.67.72
381,Audie,Cowsby,acowsbyak@technorati.com,Female,248.210.99.214
382,Claybourne,Pritchitt,cpritchittal@google.co.jp,Male,31.178.106.126
383,Lynne,Brinkworth,lbrinkwortham@accuweather.com,Female,184.229.183.198
384,Stirling,Aizikovitz,saizikovitzan@ihg.com,Male,104.112.118.113
385,Robbie,Getty,rgettyao@cmu.edu,Male,94.128.200.200
386,Margaretta,Webberley,mwebberleyap@google.ca,Female,60.54.23.17
387,Lacy,Grindall,lgrindallaq@scribd.com,Female,99.31.249.135
388,Albie,Laver,alaverar@independent.co.uk,Male,80.163.250.6
389,Jessey,Clemencon,jclemenconas@squarespace.com,Male,67.172.111.103
390,Nicolina,Prewett,nprewettat@tinyurl.com,Female,136.101.241.34
391,Ira,Ritson,iritsonau@marketwatch.com,Male,6.23.107.152
392,Darcy,Rosebotham,drosebothamav@bloomberg.com,Female,53.57.212.15
393,Pia,Martusov,pmartusovaw@networkadvertising.org,Female,24.79.243.98
394,Reube,Endon,rendonax@rediff.com,Male,85.134.176.45
395,Nelson,Sprigin,nspriginay@mysql.com,Male,19.75.61.194
396,Zared,Statton,zstattonaz@thetimes.co.uk,Male,208.104.199.210
397,Mariquilla,MacCrackan,mmaccrackanb0@narod.ru,Female,116.43.244.234
398,Coretta,Plett,cplettb1@sohu.com,Female,117.140.196.211
399,Abner,Jaegar,ajaegarb2@mayoclinic.com,Male,144.183.202.221
400,Miner,Crozier,mcrozierb3@telegraph.co.uk,Male,156.79.172.192
401,Jorry,Sidebotham,jsidebothamb4@exblog.jp,Female,57.203.10.175
402,Lyssa,Gawthrop,lgawthropb5@gnu.org,Female,72.34.159.171
403,Lance,Ownsworth,lownsworthb6@livejournal.com,Male,6.51.38.17
404,Edeline,Ridehalgh,eridehalghb7@wsj.com,Female,108.140.95.54
405,Patsy,Cloke,pclokeb8@statcounter.com,Male,62.85.87.117
406,Myron,Skones,mskonesb9@scribd.com,Male,68.108.4.80
407,Kiah,Gullis,kgullisba@barnesandnoble.com,Female,212.198.178.105
408,Dall,McGregor,dmcgregorbb@ow.ly,Male,184.135.28.74
409,Skippie,Hanster,shansterbc@irs.gov,Male,50.48.163.120
410,Talyah,Visco,tviscobd@mtv.com,Female,220.36.81.57
411,Romy,Abbot,rabbotbe@netvibes.com,Female,143.125.64.254
412,Douglass,Cahillane,dcahillanebf@senate.gov,Male,14.216.129.185
413,Jodie,Collison,jcollisonbg@lulu.com,Female,41.169.50.198
414,Devonne,Lording,dlordingbh@illinois.edu,Female,157.139.102.181
415,Ezechiel,Clacson,eclacsonbi@bloomberg.com,Male,175.92.242.166
416,Rosanne,Huffa,rhuffabj@is.gd,Female,141.45.225.36
417,Eddy,Harler,eharlerbk@state.tx.us,Male,74.224.150.230
418,Bobbi,Simioli,bsimiolibl@walmart.com,Female,232.74.203.231
419,Ddene,Leeds,dleedsbm@cmu.edu,Female,252.110.69.53
420,Anjela,Murrock,amurrockbn@edublogs.org,Female,157.234.136.77
421,Ly,Fayerbrother,lfayerbrotherbo@plala.or.jp,Male,161.122.223.138
422,Orelle,Pavett,opavettbp@paypal.com,Female,180.196.253.183
423,Britt,Borzoni,bborzonibq@sphinn.com,Male,99.88.184.182
424,Felizio,Scowcroft,fscowcroftbr@infoseek.co.jp,Male,183.255.36.74
425,Sholom,Saipy,ssaipybs@drupal.org,Male,76.83.155.133
426,Nike,Geikie,ngeikiebt@apache.org,Female,202.3.84.187
427,Editha,Laux,elauxbu@squidoo.com,Female,230.163.167.59
428,Tadio,Regitz,tregitzbv@ycombinator.com,Male,246.229.199.126
429,Kary,Leyes,kleyesbw@noaa.gov,Female,153.179.86.218
430,Clarie,De la Feld,cdelafeldbx@sohu.com,Female,188.215.243.6
431,Cameron,Pflieger,cpfliegerby@blogger.com,Male,154.165.193.204
432,Brigit,Mallam,bmallambz@nba.com,Female,122.138.242.151
433,Shadow,Artingstall,sartingstallc0@weibo.com,Male,93.246.49.221
434,Wolfgang,Braddock,wbraddockc1@php.net,Male,0.44.215.242
435,Gerri,Trevena,gtrevenac2@fda.gov,Female,100.228.84.224
436,Jeanne,Losemann,jlosemannc3@nih.gov,Female,124.109.56.9
437,Roi,Jaycox,rjaycoxc4@biblegateway.com,Male,125.81.66.88
438,Lyndsie,Blei,lbleic5@nifty.com,Female,173.223.154.63
439,Rianon,Stollhofer,rstollhoferc6@time.com,Female,44.11.190.154
440,Ingemar,Sollis,isollisc7@tmall.com,Male,210.251.250.139
441,Cecilio,Picheford,cpichefordc8@istockphoto.com,Male,47.113.13.72
442,Hermia,Ricardin,hricardinc9@shop-pro.jp,Female,222.100.39.165
443,Wilfred,Arthur,warthurca@bloomberg.com,Male,174.53.127.127
444,Davie,Heathorn,dheathorncb@yolasite.com,Male,186.93.184.16
445,Veronike,Liversley,vliversleycc@surveymonkey.com,Female,49.149.238.25
446,Louisette,Misk,lmiskcd@liveinternet.ru,Female,118.181.131.120
447,Rufus,Semon,rsemonce@jiathis.com,Male,154.222.127.137
448,Tris,Rawsthorne,trawsthornecf@about.me,Male,126.72.199.176
449,Chev,Gordge,cgordgecg@reference.com,Male,100.104.22.65
450,Carissa,Verdun,cverdunch@de.vu,Female,249.11.147.168
451,Lory,Yankeev,lyankeevci@sbwire.com,Female,66.234.133.234
452,Bertram,Lazare,blazarecj@hud.gov,Male,140.201.151.83
453,Fonzie,Tilt,ftiltck@amazonaws.com,Male,181.96.164.18
454,Joy,Lantry,jlantrycl@shop-pro.jp,Female,108.141.214.38
455,Kristi,Kennagh,kkennaghcm@intel.com,Female,180.96.94.59
456,Sterling,Pering,speringcn@wikia.com,Male,118.152.217.146
457,Diane-marie,Monkhouse,dmonkhouseco@forbes.com,Female,37.18.53.117
458,Hayden,Jenoure,hjenourecp@ca.gov,Male,129.59.77.195
459,Magdalene,Jandak,mjandakcq@google.co.uk,Female,206.147.77.82
460,Ranice,Marle,rmarlecr@yale.edu,Female,149.107.200.223
461,Stavro,Aggett,saggettcs@eventbrite.com,Male,223.212.92.118
462,Chastity,Snape,csnapect@deviantart.com,Female,95.188.116.27
463,Eulalie,Carl,ecarlcu@live.com,Female,51.204.168.235
464,Daffie,Burdin,dburdincv@desdev.cn,Female,111.234.37.27
465,Stephan,Burnell,sburnellcw@bloglovin.com,Male,85.168.158.33
466,Jo ann,Yea,jyeacx@myspace.com,Female,74.22.26.146
467,Alanah,Gallamore,agallamorecy@webmd.com,Female,246.109.165.146
468,Nanete,Golland,ngollandcz@tripod.com,Female,32.63.132.31
469,Julio,Parkeson,jparkesond0@seesaa.net,Male,176.113.238.229
470,Mamie,Sampson,msampsond1@twitter.com,Female,237.240.115.97
471,Reyna,Rigbye,rrigbyed2@prlog.org,Female,170.88.124.35
472,Lorilee,Lympenie,llympenied3@webnode.com,Female,156.143.96.232
473,Karna,Bage,kbaged4@fotki.com,Female,191.237.139.18
474,Caspar,Galey,cgaleyd5@chron.com,Male,215.229.213.126
475,Nichol,Bastick,nbastickd6@google.cn,Female,126.179.215.203
476,Flossie,Durkin,fdurkind7@diigo.com,Female,36.166.83.25
477,Herculie,Treherne,htreherned8@arizona.edu,Male,249.28.160.143
478,Rriocard,Fossord,rfossordd9@blogtalkradio.com,Male,36.44.198.73
479,Winn,Bygrove,wbygroveda@upenn.edu,Male,245.184.155.50
480,Jordain,Hillum,jhillumdb@chicagotribune.com,Female,89.253.196.251
481,Ethelyn,Staggs,estaggsdc@virginia.edu,Female,202.183.157.209
482,Beilul,Rathborne,brathbornedd@i2i.jp,Female,2.146.115.100
483,Gay,Dallaghan,gdallaghande@soup.io,Female,204.153.75.208
484,Carrol,Cominetti,ccominettidf@amazon.co.uk,Male,92.64.249.219
485,Hyacinthia,Cafe,hcafedg@icio.us,Female,57.102.94.85
486,Crystie,Goney,cgoneydh@shareasale.com,Female,95.199.44.43
487,Abbi,Jarvis,ajarvisdi@hexun.com,Female,210.221.190.129
488,Renell,Brislan,rbrislandj@dmoz.org,Female,224.21.164.76
489,Rachel,Jellyman,rjellymandk@yahoo.com,Female,95.20.200.190
490,Felipe,Kopmann,fkopmanndl@moonfruit.com,Male,120.59.129.88
491,Annabela,Bridgwater,abridgwaterdm@angelfire.com,Female,182.130.235.30
492,Maurine,Di Francecshi,mdifrancecshidn@ezinearticles.com,Female,86.144.216.44
493,Stefan,McMeanma,smcmeanmado@free.fr,Male,40.83.161.57
494,Francklin,Byrne,fbyrnedp@fda.gov,Male,248.85.102.232
495,Kris,McIlvoray,kmcilvoraydq@unicef.org,Male,194.237.51.205
496,Vinny,Huband,vhubanddr@privacy.gov.au,Female,35.148.67.239
497,Wenonah,Valdes,wvaldesds@europa.eu,Female,6.0.113.207
498,Gerek,Ioselev,gioselevdt@nasa.gov,Male,20.201.80.147
499,Willamina,Hulatt,whulattdu@constantcontact.com,Female,131.17.223.152
500,Reg,Boykett,rboykettdv@deviantart.com,Male,53.8.71.217
501,Shep,Scrase,sscrasedw@phoca.cz,Male,59.147.9.178
502,Quint,Georgi,qgeorgidx@scientificamerican.com,Male,81.69.21.111
503,Heddie,McCague,hmccaguedy@state.tx.us,Female,0.0.244.225
504,Rona,Atkirk,ratkirkdz@goodreads.com,Female,158.51.162.97
505,Gearalt,Monday,gmondaye0@drupal.org,Male,102.250.70.208
506,Beltran,Jossel,bjossele1@newsvine.com,Male,133.163.126.148
507,Werner,Bewshire,wbewshiree2@ucoz.ru,Male,132.78.42.67
508,Josiah,Lytell,jlytelle3@pbs.org,Male,171.169.119.8
509,Christian,MacDirmid,cmacdirmide4@vk.com,Male,226.70.62.232
510,Halsy,Sirett,hsirette5@i2i.jp,Male,209.208.210.197
511,Codie,Simkin,csimkine6@ihg.com,Male,64.180.131.104
512,Haleigh,Samuels,hsamuelse7@dagondesign.com,Male,111.211.214.63
513,Nessa,Folbige,nfolbigee8@apple.com,Female,106.60.167.171
514,Wilfrid,Dennidge,wdennidgee9@webmd.com,Male,252.131.52.14
515,Aila,Glason,aglasonea@businessweek.com,Female,16.87.255.133
516,Giustino,Clubley,gclubleyeb@4shared.com,Male,118.2.209.204
517,Carree,Hynard,chynardec@spiegel.de,Female,199.235.115.20
518,Harlen,Cheesley,hcheesleyed@cbc.ca,Male,102.65.159.38
519,Angelica,Yandell,ayandellee@noaa.gov,Female,162.172.227.138
520,Lemuel,Sheer,lsheeref@guardian.co.uk,Male,242.119.24.230
521,Meaghan,M'Barron,mmbarroneg@businessinsider.com,Female,163.82.193.59
522,Hans,Giffkins,hgiffkinseh@independent.co.uk,Male,175.252.52.220
523,Harriette,Garbutt,hgarbuttei@xing.com,Female,46.100.66.204
524,Lise,Bohan,lbohanej@weather.com,Female,221.10.82.66
525,Theadora,Hawe,thaweek@twitter.com,Female,36.22.0.47
526,Robby,Breedy,rbreedyel@hibu.com,Female,238.86.132.233
527,Sheelagh,Worters,swortersem@squidoo.com,Female,95.69.174.237
528,Berny,Yanele,byaneleen@noaa.gov,Male,161.27.204.178
529,Tyne,Jennins,tjenninseo@usnews.com,Female,89.39.191.229
530,Ancell,Adanez,aadanezep@tripod.com,Male,242.165.220.182
531,Sholom,Lydford,slydfordeq@fema.gov,Male,132.62.20.127
532,Sofie,Trayes,strayeser@zimbio.com,Female,86.77.164.48
533,Hillyer,Fleckness,hflecknesses@ihg.com,Male,121.136.6.153
534,Horace,Lishman,hlishmanet@vkontakte.ru,Male,35.149.55.243
535,Saunderson,Prayer,sprayereu@scientificamerican.com,Male,251.154.44.191
536,Teresa,Aldrick,taldrickev@bloglines.com,Female,67.116.144.209
537,Ilyssa,Shillabear,ishillabearew@cmu.edu,Female,38.33.159.113
538,Jacquetta,Sanpere,jsanpereex@bbc.co.uk,Female,37.44.106.194
539,Glynnis,Camerello,gcamerelloey@deliciousdays.com,Female,150.85.138.128
540,Ruggiero,Avon,ravonez@mac.com,Male,121.163.58.85
541,Jolee,Glacken,jglackenf0@seattletimes.com,Female,3.163.158.49
542,Berti,McAleese,bmcaleesef1@bloomberg.com,Female,167.173.63.224
543,Bayard,Simmgen,bsimmgenf2@psu.edu,Male,30.212.78.208
544,Kean,McCraine,kmccrainef3@php.net,Male,210.225.107.167
545,Jasmine,Mulrooney,jmulrooneyf4@theatlantic.com,Female,16.47.19.25
546,Carley,De Ferrari,cdeferrarif5@goo.gl,Female,152.170.207.239
547,Myrilla,Ferneyhough,mferneyhoughf6@ed.gov,Female,153.24.150.60
548,Libbi,Stitle,lstitlef7@unicef.org,Female,149.136.141.46
549,Frank,Leguay,fleguayf8@jimdo.com,Male,247.77.30.195
550,Rachelle,Dincey,rdinceyf9@goo.ne.jp,Female,84.21.113.29
551,Bobette,Hartfleet,bhartfleetfa@sina.com.cn,Female,53.24.16.102
552,Barney,MacTavish,bmactavishfb@sfgate.com,Male,221.159.251.120
553,Wes,Seekings,wseekingsfc@mysql.com,Male,8.167.98.100
554,Algernon,Haile,ahailefd@hugedomains.com,Male,181.36.55.58
555,Seward,Bedbrough,sbedbroughfe@devhub.com,Male,160.33.8.11
556,Ulrike,Pentecust,upentecustff@yahoo.co.jp,Female,231.75.251.43
557,Garrik,Brumwell,gbrumwellfg@epa.gov,Male,124.14.37.247
558,Gypsy,Simeone,gsimeonefh@51.la,Female,183.154.20.242
559,Randy,Marmyon,rmarmyonfi@earthlink.net,Female,97.72.143.34
560,Selestina,Barck,sbarckfj@usgs.gov,Female,132.154.97.8
561,Val,Brobeck,vbrobeckfk@pbs.org,Male,21.177.196.103
562,Dacey,Taylo,dtaylofl@abc.net.au,Female,46.221.82.95
563,Kimball,Hazlegrove,khazlegrovefm@1688.com,Male,227.172.150.46
564,Thornton,Dougliss,tdouglissfn@cbc.ca,Male,81.154.78.173
565,Cece,Johanssen,cjohanssenfo@devhub.com,Male,188.162.176.237
566,Kore,Kos,kkosfp@histats.com,Female,43.101.136.245
567,Harwell,Outridge,houtridgefq@engadget.com,Male,247.68.137.74
568,Garry,Maro,gmarofr@eventbrite.com,Male,98.242.107.190
569,Jessy,Pickford,jpickfordfs@1und1.de,Female,27.83.14.231
570,Cosmo,Groundwator,cgroundwatorft@unicef.org,Male,135.222.111.99
571,Farris,Daveran,fdaveranfu@foxnews.com,Male,176.239.40.254
572,Winston,Hrycek,whrycekfv@mac.com,Male,151.75.7.112
573,Sean,Kornilyev,skornilyevfw@sitemeter.com,Male,186.46.90.248
574,Elinor,Gorton,egortonfx@163.com,Female,227.48.165.39
575,Valli,Storry,vstorryfy@cbslocal.com,Female,16.175.100.190
576,Madalena,Goldhill,mgoldhillfz@irs.gov,Female,102.24.184.42
577,Francklin,Abramowitch,fabramowitchg0@wikimedia.org,Male,175.53.122.216
578,Ben,Jados,bjadosg1@google.com.br,Male,0.16.62.149
579,Kassi,Magauran,kmagaurang2@harvard.edu,Female,75.221.6.51
580,Enoch,Keitch,ekeitchg3@fda.gov,Male,51.146.50.10
581,Milissent,Breckon,mbreckong4@webnode.com,Female,50.90.172.160
582,Mayne,Rout,mroutg5@google.cn,Male,109.98.96.20
583,Cullie,Langtry,clangtryg6@hostgator.com,Male,141.41.22.48
584,Everett,Chucks,echucksg7@nasa.gov,Male,245.137.86.138
585,Paloma,Santorini,psantorinig8@addthis.com,Female,108.169.189.77
586,Lincoln,Satcher,lsatcherg9@icio.us,Male,20.10.195.241
587,Aloysia,Phelan,aphelanga@businessinsider.com,Female,185.38.45.108
588,Nadia,Thickens,nthickensgb@noaa.gov,Female,232.116.37.202
589,Ethelyn,Basnett,ebasnettgc@forbes.com,Female,185.175.150.150
590,Lilian,Crinkley,lcrinkleygd@ucla.edu,Female,27.21.183.31
591,Wendel,Collerd,wcollerdge@alexa.com,Male,132.229.16.198
592,Demeter,Yakovlev,dyakovlevgf@shutterfly.com,Female,196.255.54.56
593,Chelsea,Joubert,cjoubertgg@disqus.com,Female,30.198.67.129
594,Carroll,Nafzger,cnafzgergh@xrea.com,Male,127.197.103.150
595,Korella,Pashe,kpashegi@qq.com,Female,178.24.208.249
596,Hobart,Broadstock,hbroadstockgj@sciencedirect.com,Male,28.175.61.80
597,Skylar,Dollen,sdollengk@i2i.jp,Male,219.231.189.211
598,Torrey,Sellor,tsellorgl@1688.com,Male,97.135.38.246
599,Francis,Rudolf,frudolfgm@printfriendly.com,Male,54.146.151.27
600,Yul,Dubs,ydubsgn@washington.edu,Male,182.6.68.122
601,Concordia,Indruch,cindruchgo@gmpg.org,Female,1.192.221.53
602,Hermina,Parnell,hparnellgp@dedecms.com,Female,158.140.3.101
603,Tatiana,Severn,tseverngq@multiply.com,Female,107.82.16.35
604,Maddi,Keaves,mkeavesgr@feedburner.com,Female,4.13.91.175
605,Byrom,Harwin,bharwings@odnoklassniki.ru,Male,81.242.142.107
606,Inger,Harmeston,iharmestongt@discovery.com,Male,243.87.85.223
607,Sanford,Tuppeny,stuppenygu@dailymail.co.uk,Male,248.79.220.19
608,Vivien,Peeters,vpeetersgv@gnu.org,Female,255.92.126.184
609,Katlin,Ouslem,kouslemgw@abc.net.au,Female,227.87.198.233
610,Cristin,Salle,csallegx@noaa.gov,Female,106.251.147.99
611,Flori,Emmins,femminsgy@cnn.com,Female,237.238.240.29
612,Borden,McKane,bmckanegz@lulu.com,Male,190.43.71.254
613,Chrissy,Dee,cdeeh0@deliciousdays.com,Female,255.176.132.33
614,Graehme,Spinetti,gspinettih1@skype.com,Male,225.122.169.136
615,Barth,Deppe,bdeppeh2@mozilla.org,Male,251.156.63.201
616,Harrie,Elt,helth3@tripadvisor.com,Female,227.106.53.142
617,Erina,De Freyne,edefreyneh4@wordpress.org,Female,152.185.83.26
618,Syd,Potter,spotterh5@geocities.com,Male,179.39.134.185
619,Dyan,Garritley,dgarritleyh6@dedecms.com,Female,113.100.118.168
620,Sabine,Baynes,sbaynesh7@liveinternet.ru,Female,253.99.153.217
621,Flem,Antrobus,fantrobush8@reverbnation.com,Male,254.164.184.47
622,Catherine,Mingo,cmingoh9@fotki.com,Female,230.34.165.94
623,Gwendolin,McGorley,gmcgorleyha@accuweather.com,Female,87.236.59.85
624,Denice,Yokelman,dyokelmanhb@seattletimes.com,Female,50.82.212.191
625,Kelcie,Elam,kelamhc@amazon.co.jp,Female,255.47.228.178
626,Farley,Karlolczak,fkarlolczakhd@devhub.com,Male,0.53.157.40
627,Valencia,Cranefield,vcranefieldhe@wiley.com,Female,14.83.238.106
628,Josh,Dilke,jdilkehf@rambler.ru,Male,138.48.162.38
629,Briant,McConnal,bmcconnalhg@hao123.com,Male,112.43.180.216
630,Lorrie,Sexton,lsextonhh@webs.com,Male,56.83.35.25
631,Evangelin,Shufflebotham,eshufflebothamhi@diigo.com,Female,98.204.140.37
632,Currey,Nealy,cnealyhj@livejournal.com,Male,17.148.134.81
633,Sydelle,Danilewicz,sdanilewiczhk@businesswire.com,Female,160.108.42.113
634,Niel,Vautre,nvautrehl@arizona.edu,Male,76.49.177.103
635,Salli,Vanshin,svanshinhm@google.pl,Female,240.155.9.146
636,Mireille,Merner,mmernerhn@mtv.com,Female,86.133.146.98
637,Cassie,Chiddy,cchiddyho@japanpost.jp,Male,7.151.82.144
638,Olive,Silverton,osilvertonhp@godaddy.com,Female,153.221.229.179
639,Chevy,Fernandez,cfernandezhq@ebay.co.uk,Male,52.187.91.131
640,Dosi,Mileham,dmilehamhr@1688.com,Female,146.98.140.236
641,Faina,Markie,fmarkiehs@tiny.cc,Female,129.107.121.161
642,Val,Eagles,veaglesht@hubpages.com,Female,195.55.134.7
643,Gwynne,Klima,gklimahu@umn.edu,Female,224.100.54.156
644,Jacynth,Leggate,jleggatehv@rambler.ru,Female,242.196.229.6
645,Les,Pavlik,lpavlikhw@msn.com,Male,90.71.84.220
646,Theo,Mannagh,tmannaghhx@mail.ru,Male,56.141.133.251
647,Nikaniki,Simmings,nsimmingshy@networkadvertising.org,Female,105.29.13.117
648,Milka,Pollitt,mpollitthz@columbia.edu,Female,191.134.163.76
649,Victor,Semkins,vsemkinsi0@cbsnews.com,Male,99.151.244.75
650,Anselm,Barthelmes,abarthelmesi1@webs.com,Male,75.156.164.139
651,Wilow,Orwin,worwini2@simplemachines.org,Female,21.181.36.144
652,Codie,Sinclair,csinclairi3@microsoft.com,Male,200.95.46.248
653,Joceline,Janouch,jjanouchi4@time.com,Female,137.171.101.174
654,Rutter,Boules,rboulesi5@tinyurl.com,Male,65.215.79.223
655,Valerie,Maha,vmahai6@yelp.com,Female,38.53.145.59
656,Julita,Pawden,jpawdeni7@wikipedia.org,Female,190.147.89.198
657,Garret,Pinyon,gpinyoni8@rakuten.co.jp,Male,112.75.85.53
658,Aretha,Parks,aparksi9@ted.com,Female,8.117.187.51
659,Adelheid,Buesden,abuesdenia@ucsd.edu,Female,156.39.188.196
660,Gail,Bullivant,gbullivantib@mashable.com,Female,103.220.251.32
661,Shalna,Ortmann,sortmannic@businesswire.com,Female,2.110.201.249
662,Franny,Hoyles,fhoylesid@intel.com,Male,189.2.179.41
663,Siobhan,Jeannesson,sjeannessonie@sourceforge.net,Female,93.246.177.205
664,Kylie,Hellsdon,khellsdonif@arizona.edu,Male,238.211.88.41
665,Rafaellle,Ackroyd,rackroydig@hc360.com,Male,90.96.136.201
666,Vivien,Althorp,valthorpih@hibu.com,Female,240.39.91.230
667,Waite,Bennion,wbennionii@de.vu,Male,180.28.5.33
668,Violetta,Surgeoner,vsurgeonerij@wikispaces.com,Female,97.163.97.182
669,Leola,Scarce,lscarceik@amazon.co.uk,Female,102.72.220.221
670,Penelope,Raulin,praulinil@mysql.com,Female,71.217.46.199
671,Annmarie,Cornall,acornallim@rakuten.co.jp,Female,84.41.207.238
672,Fonz,Havelin,fhavelinin@oakley.com,Male,171.81.135.106
673,Lavena,Serfati,lserfatiio@creativecommons.org,Female,218.99.172.141
674,Ciro,Scholig,cscholigip@wikia.com,Male,103.51.196.204
675,Kory,Giraudat,kgiraudatiq@mozilla.com,Male,15.50.120.107
676,Cherice,Menco,cmencoir@barnesandnoble.com,Female,29.218.128.238
677,Corby,Race,craceis@imdb.com,Male,11.39.68.244
678,Bogey,Larimer,blarimerit@bbc.co.uk,Male,243.72.224.95
679,Zolly,Charlwood,zcharlwoodiu@com.com,Male,140.104.183.151
680,Griswold,Japp,gjappiv@omniture.com,Male,86.120.203.232
681,Jodee,Andryszczak,jandryszczakiw@china.com.cn,Female,33.0.219.133
682,Jaquenetta,Devinn,jdevinnix@gov.uk,Female,201.139.22.216
683,Charissa,Bohman,cbohmaniy@cpanel.net,Female,34.119.99.238
684,Orly,Grioli,ogrioliiz@amazon.com,Female,78.100.168.61
685,Devonna,Legen,dlegenj0@google.com.br,Female,87.205.237.116
686,Andromache,Hamfleet,ahamfleetj1@redcross.org,Female,76.100.47.75
687,Cleavland,Lamps,clampsj2@opensource.org,Male,108.163.224.74
688,Justis,Lope,jlopej3@biglobe.ne.jp,Male,20.75.227.116
689,Ealasaid,Watson-Brown,ewatsonbrownj4@theglobeandmail.com,Female,192.5.22.36
690,Buffy,Halloway,bhallowayj5@buzzfeed.com,Female,156.209.214.174
691,Dorette,Jewks,djewksj6@jiathis.com,Female,131.56.242.81
692,Niall,Abdey,nabdeyj7@ask.com,Male,78.139.61.123
693,Nessi,Schofield,nschofieldj8@ameblo.jp,Female,229.41.104.248
694,Augustina,Abramovic,aabramovicj9@omniture.com,Female,221.139.189.206
695,Lindsy,Wulfinger,lwulfingerja@multiply.com,Female,69.151.70.148
696,Kendra,Clelle,kclellejb@bbb.org,Female,50.32.148.61
697,Augustina,Indgs,aindgsjc@aol.com,Female,116.21.139.24
698,Ingram,Kuzma,ikuzmajd@ftc.gov,Male,155.150.109.102
699,Tris,Davidi,tdavidije@sakura.ne.jp,Male,4.254.255.42
700,Aldridge,Moss,amossjf@xing.com,Male,162.66.5.140
701,Gloriane,Swains,gswainsjg@zimbio.com,Female,144.5.98.94
702,Melosa,Manhood,mmanhoodjh@ask.com,Female,190.177.38.209
703,Jo,Lambis,jlambisji@nifty.com,Male,67.125.111.93
704,Alleen,Southall,asouthalljj@bloomberg.com,Female,232.231.193.221
705,Cherida,Lamburne,clamburnejk@pen.io,Female,169.68.242.220
706,Berri,Coche,bcochejl@gizmodo.com,Female,117.99.10.57
707,Joanna,Guerry,jguerryjm@narod.ru,Female,194.185.34.182
708,Christabella,Creeboe,ccreeboejn@apple.com,Female,100.149.70.238
709,Arturo,Scraney,ascraneyjo@stumbleupon.com,Male,247.20.50.33
710,Rosmunda,Grevile,rgrevilejp@tmall.com,Female,169.52.139.12
711,Carilyn,Pachmann,cpachmannjq@jugem.jp,Female,236.249.123.224
712,Tome,Sarll,tsarlljr@t.co,Male,220.161.159.45
713,Chelsie,Kuzemka,ckuzemkajs@washingtonpost.com,Female,164.105.102.215
714,Addie,Dearsley,adearsleyjt@japanpost.jp,Male,197.24.109.237
715,Sonny,Dixon,sdixonju@harvard.edu,Female,93.235.225.123
716,Brit,Cohan,bcohanjv@yellowpages.com,Female,144.60.202.199
717,Jeramey,Wollers,jwollersjw@wikipedia.org,Male,187.250.58.65
718,Leticia,Greig,lgreigjx@jimdo.com,Female,17.180.114.1
719,Nickola,Stanley,nstanleyjy@infoseek.co.jp,Male,141.24.99.22
720,Cullin,Dresser,cdresserjz@behance.net,Male,147.21.56.22
721,Zelda,Michin,zmichink0@webs.com,Female,71.10.89.105
722,Aundrea,Sheppey,asheppeyk1@statcounter.com,Female,48.117.251.191
723,Briant,Minifie,bminifiek2@china.com.cn,Male,90.168.108.56
724,Jo,Howbrook,jhowbrookk3@zdnet.com,Male,105.232.33.6
725,Justine,Crewe,jcrewek4@imgur.com,Female,47.105.76.8
726,Boy,Ruane,bruanek5@ft.com,Male,218.53.33.244
727,Ana,Balma,abalmak6@seesaa.net,Female,117.32.140.175
728,Tori,Gurling,tgurlingk7@wsj.com,Female,110.92.136.225
729,Frank,Terram,fterramk8@instagram.com,Female,202.92.130.73
730,Maxi,Kittles,mkittlesk9@google.co.uk,Female,161.214.157.18
731,Barbette,Allanson,ballansonka@nhs.uk,Female,9.219.217.244
732,Dominga,Jozefowicz,djozefowiczkb@dailymotion.com,Female,227.41.122.198
733,Dyanne,De Fraine,ddefrainekc@state.gov,Female,145.115.76.84
734,Magdalena,Grute,mgrutekd@ow.ly,Female,189.231.51.61
735,Frederik,Tomkies,ftomkieske@wikipedia.org,Male,43.255.93.170
736,Abigale,Gurge,agurgekf@salon.com,Female,106.250.23.26
737,Rochette,Wallwork,rwallworkkg@linkedin.com,Female,251.13.77.211
738,Marcelle,Vannucci,mvannuccikh@is.gd,Female,236.193.154.70
739,Hodge,Shanklin,hshanklinki@phoca.cz,Male,161.92.124.32
740,Heall,Lightewood,hlightewoodkj@nature.com,Male,238.189.147.189
741,Ellswerth,Tuppeny,etuppenykk@joomla.org,Male,6.90.185.152
742,Maribelle,Storton,mstortonkl@dailymotion.com,Female,67.10.149.5
743,Patricio,Bridal,pbridalkm@vkontakte.ru,Male,37.64.136.21
744,Thomasa,McLewd,tmclewdkn@flavors.me,Female,80.224.65.45
745,Enriqueta,Stuck,estuckko@usa.gov,Female,44.101.158.245
746,Stavros,Gurney,sgurneykp@ucsd.edu,Male,151.70.17.78
747,Hyacinth,Jeskins,hjeskinskq@ed.gov,Female,216.226.45.191
748,Ferdinande,Dumberrill,fdumberrillkr@ucsd.edu,Female,118.5.90.73
749,Kellyann,Burnip,kburnipks@gravatar.com,Female,138.109.70.205
750,Evangeline,Bonin,eboninkt@bizjournals.com,Female,205.39.225.64
751,Pooh,Robart,probartku@taobao.com,Male,118.245.186.197
752,Meier,Arno,marnokv@parallels.com,Male,120.190.92.99
753,Pat,Tuckett,ptuckettkw@friendfeed.com,Female,239.134.176.122
754,Wilden,Sherwen,wsherwenkx@tinypic.com,Male,131.143.3.192
755,Lonnard,Fotitt,lfotittky@seesaa.net,Male,77.252.210.152
756,Susette,Wilton,swiltonkz@miibeian.gov.cn,Female,136.41.19.18
757,Godart,Perton,gpertonl0@xing.com,Male,5.151.140.138
758,Lesli,Warrener,lwarrenerl1@lulu.com,Female,59.78.59.50
759,Skipper,Blemings,sblemingsl2@creativecommons.org,Male,198.57.153.4
760,Andrej,McMyler,amcmylerl3@ocn.ne.jp,Male,160.221.167.177
761,Rori,Battabee,rbattabeel4@nytimes.com,Female,183.7.32.155
762,Ainslee,Quemby,aquembyl5@google.de,Female,9.27.222.11
763,Davide,Bignall,dbignalll6@weebly.com,Male,243.136.240.223
764,Lizette,Sommer,lsommerl7@geocities.com,Female,43.242.167.51
765,Frederique,Connerly,fconnerlyl8@gmpg.org,Female,224.202.150.23
766,Port,Camis,pcamisl9@odnoklassniki.ru,Male,110.220.105.181
767,Austen,Lehrian,alehrianla@blog.com,Male,85.6.110.236
768,Eberto,Jeune,ejeunelb@linkedin.com,Male,76.32.141.102
769,Kent,Rexworthy,krexworthylc@globo.com,Male,81.37.185.103
770,Jannel,Marlow,jmarlowld@friendfeed.com,Female,48.114.10.179
771,Prentice,Georgot,pgeorgotle@tinypic.com,Male,144.192.229.178
772,Wat,Anders,wanderslf@privacy.gov.au,Male,14.21.37.195
773,Royal,Broadwood,rbroadwoodlg@amazon.de,Male,88.238.63.68
774,Brett,Yoskowitz,byoskowitzlh@examiner.com,Female,148.7.142.128
775,Dulcinea,Barraclough,dbarracloughli@un.org,Female,198.182.96.134
776,Shaylah,Nappin,snappinlj@craigslist.org,Female,24.23.62.68
777,Nonna,Freemantle,nfreemantlelk@instagram.com,Female,50.64.225.184
778,Juliette,Roderham,jroderhamll@delicious.com,Female,128.83.129.142
779,Edna,Alejandro,ealejandrolm@irs.gov,Female,26.40.114.125
780,Pamela,Tombleson,ptomblesonln@businesswire.com,Female,105.202.178.108
781,Heath,Meneo,hmeneolo@cocolog-nifty.com,Female,213.16.138.98
782,Bogey,Gumbley,bgumbleylp@moonfruit.com,Male,199.244.166.63
783,Euphemia,Keilloh,ekeillohlq@techcrunch.com,Female,102.18.202.228
784,Lisa,Dubbin,ldubbinlr@networksolutions.com,Female,224.94.74.215
785,Marion,Cardenosa,mcardenosals@hp.com,Female,230.244.211.101
786,Lindy,Belle,lbellelt@nba.com,Male,219.175.6.152
787,Allix,Phelit,aphelitlu@woothemes.com,Female,204.117.133.171
788,Michelina,Smye,msmyelv@china.com.cn,Female,158.96.225.221
789,Audie,Melmeth,amelmethlw@aol.com,Female,131.29.64.202
790,Jehu,Fevier,jfevierlx@over-blog.com,Male,50.228.118.109
791,Jourdain,Salliere,jsallierely@so-net.ne.jp,Male,193.46.18.61
792,Hobey,Baseke,hbasekelz@e-recht24.de,Male,67.77.51.245
793,Gwenora,Minto,gmintom0@wufoo.com,Female,171.48.217.241
794,Wallie,Skaife,wskaifem1@odnoklassniki.ru,Female,4.90.234.169
795,Kyla,Skillen,kskillenm2@naver.com,Female,222.184.152.56
796,Daisie,Harradence,dharradencem3@skyrock.com,Female,152.215.123.1
797,Estella,Shrubb,eshrubbm4@booking.com,Female,223.84.19.179
798,Terrel,Reynard,treynardm5@uol.com.br,Male,28.131.156.156
799,Nikolaus,Manoch,nmanochm6@privacy.gov.au,Male,106.32.121.190
800,Heall,Reyne,hreynem7@soundcloud.com,Male,119.241.143.102
801,Farley,Crudginton,fcrudgintonm8@constantcontact.com,Male,189.77.71.229
802,Florie,Campos,fcamposm9@soundcloud.com,Female,41.18.142.124
803,Deeann,Bode,dbodema@biblegateway.com,Female,211.163.24.203
804,Rutherford,Jezard,rjezardmb@smh.com.au,Male,207.86.119.253
805,Robbi,Guildford,rguildfordmc@craigslist.org,Female,177.232.217.18
806,Jason,Barlace,jbarlacemd@vkontakte.ru,Male,232.236.3.149
807,Omero,Willett,owillettme@ameblo.jp,Male,162.138.237.61
808,Gaylor,Pudney,gpudneymf@drupal.org,Male,174.32.39.147
809,Davide,Fitchew,dfitchewmg@studiopress.com,Male,138.241.142.122
810,Dara,Hatchette,dhatchettemh@java.com,Female,197.213.107.239
811,Carissa,Witherington,cwitheringtonmi@sourceforge.net,Female,174.48.212.222
812,Kylila,Lamar,klamarmj@aboutads.info,Female,35.244.217.116
813,Clare,Gatrell,cgatrellmk@marriott.com,Male,178.176.251.32
814,Denni,Crayke,dcraykeml@digg.com,Female,90.10.208.150
815,Benedick,McCrossan,bmccrossanmm@bandcamp.com,Male,40.176.31.224
816,Arnie,Masson,amassonmn@friendfeed.com,Male,161.204.220.236
817,Kandy,Imms,kimmsmo@biglobe.ne.jp,Female,74.57.191.233
818,Xylina,Rycroft,xrycroftmp@gmpg.org,Female,13.21.43.195
819,Gerladina,Winkett,gwinkettmq@nyu.edu,Female,125.83.189.152
820,Elinor,Aurelius,eaureliusmr@tamu.edu,Female,154.226.60.249
821,Vassily,Fellman,vfellmanms@census.gov,Male,173.244.62.114
822,Arlette,Bister,abistermt@state.gov,Female,112.157.98.213
823,Quintina,Allwood,qallwoodmu@who.int,Female,116.71.11.111
824,Leopold,Olifard,lolifardmv@japanpost.jp,Male,192.168.69.112
825,Sam,Heavyside,sheavysidemw@tumblr.com,Female,129.212.194.29
826,Eli,Barley,ebarleymx@twitter.com,Male,168.191.248.151
827,Wren,Ioannidis,wioannidismy@creativecommons.org,Female,81.91.92.224
828,Stanton,Bracken,sbrackenmz@ebay.co.uk,Male,12.72.135.59
829,Alyosha,Trelevan,atrelevann0@usgs.gov,Male,249.142.168.234
830,Merrili,Speedin,mspeedinn1@instagram.com,Female,234.171.209.237
831,Cirstoforo,Willment,cwillmentn2@4shared.com,Male,182.170.81.199
832,Irina,Proven,iprovenn3@acquirethisname.com,Female,207.142.97.50
833,Marnia,Muress,mmuressn4@wikia.com,Female,217.109.158.48
834,Tobe,Lovitt,tlovittn5@patch.com,Male,30.77.156.34
835,Elsinore,Stollery,estolleryn6@blogspot.com,Female,247.193.81.19
836,Tann,Cator,tcatorn7@printfriendly.com,Male,161.62.209.233
837,Allie,Gamwell,agamwelln8@e-recht24.de,Male,42.157.34.58
838,Glynnis,Henner,ghennern9@addthis.com,Female,253.170.194.49
839,Courtnay,Spray,csprayna@unblog.fr,Male,137.87.21.126
840,Celina,Tattersall,ctattersallnb@deliciousdays.com,Female,149.133.170.159
841,Hallie,Clemmensen,hclemmensennc@jalbum.net,Female,11.227.186.1
842,Tedmund,Patise,tpatisend@foxnews.com,Male,226.138.212.60
843,Ephrayim,Flanigan,eflaniganne@spiegel.de,Male,113.121.216.101
844,Eba,Freak,efreaknf@cdbaby.com,Female,146.237.243.77
845,Lowe,Stoddart,lstoddartng@vk.com,Male,65.119.71.203
846,Hakeem,Scholtz,hscholtznh@nyu.edu,Male,40.104.63.85
847,Sascha,Wandrich,swandrichni@chicagotribune.com,Male,83.56.177.139
848,Julianne,Camis,jcamisnj@miibeian.gov.cn,Female,127.73.227.130
849,Alleyn,Joselson,ajoselsonnk@studiopress.com,Male,50.251.32.37
850,Tris,Jeffreys,tjeffreysnl@yellowpages.com,Male,80.118.152.75
851,Melany,Noraway,mnorawaynm@goo.ne.jp,Female,62.150.192.19
852,Penny,Kidde,pkiddenn@google.ca,Male,87.117.231.187
853,Winfield,Sartin,wsartinno@timesonline.co.uk,Male,228.198.193.172
854,Hanan,Momery,hmomerynp@indiatimes.com,Male,102.244.193.43
855,Yancy,McIlriach,ymcilriachnq@narod.ru,Male,159.27.94.71
856,Zak,Lemoir,zlemoirnr@symantec.com,Male,212.3.157.249
857,Grazia,De la Harpe,gdelaharpens@youku.com,Female,84.159.39.118
858,Ebenezer,Wyant,ewyantnt@globo.com,Male,6.15.87.154
859,Remington,Brennan,rbrennannu@yolasite.com,Male,14.172.52.213
860,Gerik,Jailler,gjaillernv@ihg.com,Male,239.40.188.190
861,Vivia,Larver,vlarvernw@bravesites.com,Female,200.204.178.107
862,Florrie,Splain,fsplainnx@arizona.edu,Female,99.6.115.108
863,Creight,Clemente,cclementeny@bbc.co.uk,Male,120.176.221.188
864,Julita,Yalden,jyaldennz@state.tx.us,Female,91.76.237.182
865,Robenia,Freddi,rfreddio0@wikispaces.com,Female,137.143.28.161
866,Basilius,Holcroft,bholcrofto1@wired.com,Male,72.164.159.189
867,Emlyn,Kittman,ekittmano2@plala.or.jp,Male,196.144.94.247
868,Gates,Lassetter,glassettero3@last.fm,Female,249.30.63.55
869,Timmie,Asplen,taspleno4@hp.com,Female,43.116.227.154
870,Salli,Kordas,skordaso5@pen.io,Female,117.1.97.32
871,Kameko,Guirau,kguirauo6@bbb.org,Female,157.152.142.88
872,Charlotte,Cartmail,ccartmailo7@about.me,Female,200.59.73.87
873,Arthur,Kegan,akegano8@t-online.de,Male,76.139.97.67
874,Hurlee,Shephard,hshephardo9@businessweek.com,Male,120.54.65.11
875,Hunter,Butte,hbutteoa@diigo.com,Male,116.227.207.179
876,Shirleen,Horley,shorleyob@bluehost.com,Female,190.35.48.10
877,Kaycee,Grafham,kgrafhamoc@va.gov,Female,190.186.184.216
878,Delcine,De Paepe,ddepaepeod@multiply.com,Female,41.220.30.145
879,Baryram,Ingle,bingleoe@unc.edu,Male,152.102.134.102
880,Jackelyn,Boother,jbootherof@yahoo.co.jp,Female,7.205.23.194
881,Rustie,Greville,rgrevilleog@deliciousdays.com,Male,68.92.201.28
882,Perrine,MacCarroll,pmaccarrolloh@lycos.com,Female,30.204.192.106
883,Sterne,Meindl,smeindloi@devhub.com,Male,142.9.95.165
884,Binnie,Mound,bmoundoj@chicagotribune.com,Female,186.41.100.121
885,Farlie,Clementson,fclementsonok@nhs.uk,Male,100.110.84.249
886,Vernen,Matthias,vmatthiasol@yandex.ru,Male,181.121.141.139
887,Sue,Foyster,sfoysterom@webeden.co.uk,Female,161.146.237.106
888,Sallyann,Tough,stoughon@noaa.gov,Female,182.156.3.76
889,Shaughn,Poundsford,spoundsfordoo@clickbank.net,Male,144.182.178.145
890,Jeremy,Jankovic,jjankovicop@xrea.com,Male,234.157.220.25
891,Darcy,Attrill,dattrilloq@webnode.com,Male,210.69.147.135
892,Terri,Hector,thectoror@nytimes.com,Male,40.157.91.91
893,Emmie,Antonio,eantonioos@symantec.com,Female,220.238.30.246
894,Alric,Covet,acovetot@hubpages.com,Male,122.249.96.71
895,Lanita,Musk,lmuskou@prnewswire.com,Female,11.109.153.131
896,Reggy,Alyokhin,ralyokhinov@csmonitor.com,Male,31.74.238.63
897,Joellyn,MacCague,jmaccagueow@pagesperso-orange.fr,Female,116.101.217.114
898,Darwin,Ansett,dansettox@nih.gov,Male,59.77.93.37
899,Angeline,Vockings,avockingsoy@eepurl.com,Female,60.254.118.229
900,Berri,Fullick,bfullickoz@nationalgeographic.com,Female,248.33.186.24
901,Dorice,Westpfel,dwestpfelp0@wordpress.com,Female,214.120.187.246
902,Carroll,Hindrick,chindrickp1@fda.gov,Female,223.43.40.73
903,Charline,Fayers,cfayersp2@hugedomains.com,Female,188.223.125.245
904,Humfrid,Sargood,hsargoodp3@shinystat.com,Male,87.206.148.5
905,Gilles,MacNucator,gmacnucatorp4@dmoz.org,Male,70.211.132.136
906,Juli,Petraitis,jpetraitisp5@surveymonkey.com,Female,247.2.72.149
907,Anabella,Baile,abailep6@smh.com.au,Female,46.81.235.27
908,Gerick,Jefferys,gjefferysp7@hp.com,Male,222.36.74.84
909,Lindie,Rigardeau,lrigardeaup8@narod.ru,Female,117.25.209.194
910,Verena,Woodyeare,vwoodyearep9@dell.com,Female,115.170.60.165
911,Marguerite,Code,mcodepa@home.pl,Female,82.10.236.120
912,Konstantine,Milborn,kmilbornpb@aol.com,Male,55.91.113.103
913,Emerson,Gibbard,egibbardpc@paypal.com,Male,103.32.209.198
914,Dag,Rouke,droukepd@dion.ne.jp,Male,188.159.117.62
915,Cathrine,Coggings,ccoggingspe@xrea.com,Female,122.26.113.201
916,Berke,Halleybone,bhalleybonepf@abc.net.au,Male,119.66.130.3
917,Sheree,Worlock,sworlockpg@va.gov,Female,222.30.221.163
918,Doyle,Emslie,demslieph@discuz.net,Male,34.139.75.116
919,Amalle,Bigglestone,abigglestonepi@amazon.co.uk,Female,8.161.146.73
920,Anthony,Mathouse,amathousepj@google.co.jp,Male,216.120.156.140
921,Bertrand,Hyne,bhynepk@samsung.com,Male,102.3.165.212
922,Sheelagh,Revington,srevingtonpl@shutterfly.com,Female,200.192.184.103
923,Mickey,Bonwick,mbonwickpm@ftc.gov,Male,119.251.38.200
924,Joshua,Gravenall,jgravenallpn@about.me,Male,33.20.176.229
925,Alanson,Faers,afaerspo@drupal.org,Male,75.135.156.170
926,Kori,Swancock,kswancockpp@sun.com,Female,179.88.8.59
927,Mylo,Blondin,mblondinpq@sciencedaily.com,Male,154.141.230.39
928,Winnie,Priest,wpriestpr@zdnet.com,Male,229.240.49.217
929,Vassily,Dickons,vdickonsps@house.gov,Male,51.26.69.27
930,Carleton,Ondracek,condracekpt@sun.com,Male,69.247.59.222
931,Bartholemy,Pering,bperingpu@techcrunch.com,Male,115.247.161.145
932,Paolina,Pala,ppalapv@hatena.ne.jp,Female,61.130.228.138
933,Baxy,Gerwood,bgerwoodpw@hao123.com,Male,127.22.170.77
934,Shawn,Bain,sbainpx@youtu.be,Male,184.252.68.135
935,Noel,Jeannot,njeannotpy@earthlink.net,Male,239.146.162.154
936,Brantley,Mochar,bmocharpz@taobao.com,Male,30.82.133.156
937,Wat,Meade,wmeadeq0@hubpages.com,Male,148.38.247.241
938,Neale,Lightwing,nlightwingq1@prlog.org,Male,146.140.129.250
939,Marlowe,Trewhitt,mtrewhittq2@bbc.co.uk,Male,140.120.203.22
940,Sharleen,Sterzaker,ssterzakerq3@hostgator.com,Female,242.166.215.181
941,Benedetto,Rupprecht,brupprechtq4@printfriendly.com,Male,94.95.29.21
942,Jordon,Munby,jmunbyq5@is.gd,Male,141.20.137.218
943,Alla,McFater,amcfaterq6@bbb.org,Female,224.136.155.13
944,Mandi,Bugg,mbuggq7@vinaora.com,Female,130.15.99.44
945,Ranee,Ferro,rferroq8@dropbox.com,Female,195.62.73.211
946,Welch,Attenborough,wattenboroughq9@msn.com,Male,77.194.247.193
947,Tara,Caseri,tcaseriqa@arizona.edu,Female,142.137.47.95
948,Pippy,Drioli,pdrioliqb@usda.gov,Female,117.42.168.204
949,Gabrila,Agge,gaggeqc@usatoday.com,Female,122.61.225.78
950,Dick,Handsheart,dhandsheartqd@instagram.com,Male,125.159.36.38
951,Philis,Webburn,pwebburnqe@soundcloud.com,Female,123.171.214.225
952,Brook,Saller,bsallerqf@list-manage.com,Male,69.214.234.81
953,Damian,Tolworthie,dtolworthieqg@odnoklassniki.ru,Male,117.245.52.199
954,Alden,Simoes,asimoesqh@dion.ne.jp,Male,163.181.39.148
955,Osborne,Cottie,ocottieqi@diigo.com,Male,83.95.35.69
956,Carver,Belfitt,cbelfittqj@unc.edu,Male,17.54.119.252
957,Ulric,Gilluley,ugilluleyqk@cocolog-nifty.com,Male,31.97.195.154
958,Janek,Greatbach,jgreatbachql@trellian.com,Male,156.50.186.2
959,Danya,Sherar,dsherarqm@mozilla.org,Female,80.220.229.33
960,Jewel,Switsur,jswitsurqn@behance.net,Female,99.20.212.89
961,Dot,Castelli,dcastelliqo@usda.gov,Female,103.155.165.198
962,Myer,Barnson,mbarnsonqp@sohu.com,Male,217.41.234.30
963,Bendicty,Cankett,bcankettqq@google.es,Male,94.36.53.82
964,Godard,Haddrill,ghaddrillqr@howstuffworks.com,Male,220.90.126.123
965,Clair,McGowran,cmcgowranqs@geocities.com,Male,59.198.21.252
966,Brynne,Bremmer,bbremmerqt@shinystat.com,Female,26.117.154.251
967,Merle,Djurkovic,mdjurkovicqu@godaddy.com,Male,170.73.139.237
968,Oran,Ingolotti,oingolottiqv@acquirethisname.com,Male,133.139.146.71
969,Robby,Downing,rdowningqw@vinaora.com,Female,54.144.61.119
970,Vanya,Iorio,viorioqx@un.org,Female,48.177.242.162
971,Ivy,Gaymer,igaymerqy@state.gov,Female,104.208.211.204
972,Ysabel,Marriott,ymarriottqz@w3.org,Female,54.79.144.19
973,Franky,O'Halleghane,fohalleghaner0@skyrock.com,Male,66.151.8.74
974,Ola,Provis,oprovisr1@wikipedia.org,Female,201.122.222.175
975,Borden,Lockhart,blockhartr2@nydailynews.com,Male,140.236.12.8
976,Mackenzie,Johnston,mjohnstonr3@usatoday.com,Male,170.92.172.133
977,Emery,Wrigglesworth,ewrigglesworthr4@bloomberg.com,Male,110.38.220.100
978,Karel,Madsen,kmadsenr5@nytimes.com,Female,146.253.225.254
979,Delly,Tuff,dtuffr6@yale.edu,Female,4.24.244.29
980,Sonnnie,Arnley,sarnleyr7@prnewswire.com,Female,29.141.70.165
981,Darda,Brabham,dbrabhamr8@wordpress.com,Female,39.168.244.255
982,Tom,Jerman,tjermanr9@blogtalkradio.com,Male,164.10.58.14
983,Claudia,Commins,ccomminsra@printfriendly.com,Female,152.154.132.194
984,Benton,Domengue,bdomenguerb@nbcnews.com,Male,239.204.233.89
985,Hertha,Coatman,hcoatmanrc@state.gov,Female,138.108.74.17
986,Fawnia,Brinsford,fbrinsfordrd@cnet.com,Female,90.45.91.73
987,Jere,Pieroni,jpieronire@weather.com,Female,16.181.200.105
988,Free,Hawking,fhawkingrf@over-blog.com,Male,56.5.87.60
989,Keven,Ritchman,kritchmanrg@slideshare.net,Male,71.249.37.46
990,Ozzy,Crowdy,ocrowdyrh@livejournal.com,Male,250.180.130.55
991,Debbie,Whatham,dwhathamri@vistaprint.com,Female,15.51.68.105
992,Garry,Garbott,ggarbottrj@nhs.uk,Male,5.125.245.189
993,Saxe,Abrahamsson,sabrahamssonrk@biglobe.ne.jp,Male,45.159.79.209
994,Caldwell,Brodley,cbrodleyrl@nyu.edu,Male,3.125.234.124
995,Corinne,Sommerville,csommervillerm@yahoo.co.jp,Female,209.142.171.162
996,Ninnette,Morhall,nmorhallrn@ustream.tv,Female,165.86.244.183
997,Juliet,Fort,jfortro@wunderground.com,Female,155.206.36.169
998,Renard,Patmore,rpatmorerp@cnet.com,Male,63.58.134.204
999,Heindrick,Shale,hshalerq@multiply.com,Male,88.128.244.91
1000,Leora,Seeking,lseekingrr@huffingtonpost.com,Female,139.66.75.88
